{
  "limits": {
    "beam_length": 0.1,
    "beam_width": 0.02,
    "thickness": 0.001,
    "youngs_modulus": 69000000000.0,
    "sigma_max": 276000000.0,
    "inertia": 1.6666666666666668e-12,
    "theta0_stress_max_rad": 0.8,
    "theta0_stress_max_deg": 45.836623610465864,
    "theta0_geometric_max_rad": 1.5707953267948966,
    "theta0_geometric_max_deg": 89.99994270422049,
    "theta0_limit_rad": 0.8,
    "theta0_limit_deg": 45.836623610465864,
    "governing_limit": "stress",
    "endpoint_force": 23.84346164891853,
    "endpoint_moment": 0.0
  },
  "state": {
    "theta0_rad": 0.0,
    "theta0_deg": 0.0,
    "a_over_l": 1.0,
    "b_over_l": 0.0,
    "alpha": 0.0,
    "beta": 0.0,
    "force": 0.0,
    "moment": 0.0
  }
}